<?xml version="1.0" encoding="UTF-8"?>
<project-private xmlns="http://www.netbeans.org/ns/project-private/1">
    <editor-bookmarks xmlns="http://www.netbeans.org/ns/editor-bookmarks/2" lastBookmarkId="0"/>
    <open-files xmlns="http://www.netbeans.org/ns/projectui-open-files/2">
        <group>
            <file>file:/Users/whitehacker/UUMBankingApplication/src/uumbankingapplication/CreditAcc.java</file>
            <file>file:/Users/whitehacker/UUMBankingApplication/src/uumbankingapplication/Account.java</file>
            <file>file:/Users/whitehacker/UUMBankingApplication/src/uumbankingapplication/UUMBankingApplication.java</file>
            <file>file:/Users/whitehacker/UUMBankingApplication/src/uumbankingapplication/CustomerRecord.java</file>
            <file>file:/Users/whitehacker/UUMBankingApplication/src/uumbankingapplication/DebitAcc.java</file>
            <file>file:/Users/whitehacker/UUMBankingApplication/src/uumbankingapplication/AccountRecord.java</file>
        </group>
    </open-files>
</project-private>
